id,name
3oDbviiivRWhXwIE8hxkVV,The Beach Boys
51Blml2LZPmy7TTiAg47vQ,U2
0oSGxfWSnnOXhD2fKuz2Gy,David Bowie
5me0Irg2ANcsgc93uaYrpb,The Notorious B.I.G.
3koiLjNrgRTNbOwViDipeA,Marvin Gaye
1vfezMIyCr4XUdYRaKIKi3,Keyshia Cole
55Aa2cqylxrFIXC767Z865,Lil Wayne
4iHNK0tOyZPYnBU7nGAgpQ,Mariah Carey
360IAlyVv4PCEVjgyMZrxK,Miguel
7bXgB6jMjp9ATFy66eO08Z,Chris Brown
15UsOTVnJzReFVN1VCnxy4,XXXTENTACION
4KWTAlx2RvbpseOGMEmROg,R.E.M.
1uNFoZAHBGtllmzznpCI3s,Justin Bieber
0hCNtLu0JehylgoiP8L4Gh,Nicki Minaj
1dfeR4HaWDbWqFHLkxsg1d,Queen
5V0MlUE1Bft0mbLlND7FJz,Ella Fitzgerald
74ASZWbe4lXaubB36ztrGX,Bob Dylan
5INjqkS1o8h1imAzPqGZBb,Tame Impala
1Mxqyy3pSjf8kZZL4QVxS0,Frank Sinatra
49e4v89VmlDcFCMyDv9wQ9,Dean Martin
05fG473iIaoy82BF1aGhL8,Slipknot
31TPClRtHm23RisEBtV3X7,Justin Timberlake
5LfGQac0EIXyAN8aUwmNAQ,The Offspring
2iE18Oxc8YSumAU232n4rW,The Jackson 5
7hJcb9fa4alzcOq3EaNPoG,Snoop Dogg
26dSoYclwsYLMAKD3tpOr4,Britney Spears
7v4imS0moSyGdXyLgVTIV7,Nat King Cole
0RUEHcBiENFEqxgicqS2ig,The Stranglers
22bE4uQ6baNwSHPVcDxLCe,The Rolling Stones
3cniTumSiUysiPWXapGx1i,Cutting Crew
4cPHsZM98sKzmV26wlwD2W,Brenda Lee
08GQAI4eElDnROBrJRGE0X,Fleetwood Mac
2QsynagSdAqZj3U9HgDzjD,Bob Marley & The Wailers
3RGLhK1IP9jnYFH4BRFJBS,The Clash
4sj6D0zlMOl25nprDJBiU9,Andy Williams
43ZHCT0cAZBISjO8DG9PnE,Elvis Presley
7gcCQIlkkfbul5Mt0jBQkg,Dave Stewart
0NKDgy9j66h3DLnN8qu1bB,Eurythmics
4Z8W4fKeB5YxbusRsdQVPb,Radiohead
5MspMQqdVbdwP6ax3GXqum,Annie Lennox
6olE6TJLqED3rqDCT0FyPh,Nirvana
74XFHRwlV6OrjEM0A2NCMF,Paramore
64M6ah0SkkRsnPGtGiRAbb,Bebe Rexha
2jzc5TC5TVFLXQlBNiIUzE,a-ha
7CyeXFnOrfC1N6z4naIpgo,The Ronettes
5v8jlSmAQfrkTjAlpUfWtu,Perry Como
7K78lVZ8XzkjfRSI7570FF,José Feliciano
391oLRVmoTkumiN79HkTWu,Darlene Love
3Isy6kedDrgPYoTS1dazA9,Sean Paul
3IYUhFvPQItj6xySrBmZkd,Creedence Clearwater Revival
3BmGtnKgCSGYIUhmivXKWX,Kelly Clarkson
77tT1kLj6mCWtFNqiOmP9H,Daryl Hall & John Oates
07XSN3sPlIlB2L2XNcTwJw,KISS
58lV9VcRSjABbAbfWS6skp,Bon Jovi
7Ln80lUS6He07XvHI8qqHH,Arctic Monkeys
1ZwdS5xdxEREPySFridCfh,2Pac
7dGJo4pcD2V6oG8kP0tJRR,Eminem
6eUKZXaKkcviH0Ku9w2n3V,Ed Sheeran
4RddZ3iHvSpGV4dvATac9X,Papa Roach
2sSGPbdZJkaSE2AbcGOACx,The Marías
3TVXtAsR1Inumwj472S9r4,Drake
3nFkdlSjzX9mRTtwJOzDYB,JAY-Z
6l3HvQ5sa6mXTsMTB19rO5,J. Cole
3Nrfpe0tUJi4K4DXYWgMUX,BTS
1tqZaCwM57UFKjWoYwMLrw,The Cardigans
25uiPmTg16RbhZWAqwLBy5,Charli xcx
21E3waRsmPlU7jZsS13rcj,Ne-Yo
5LHRHt1k9lMyONurDHEdrp,Tyga
5WUlDfRSoLAfcVSX1WnrxN,Sia
3y24n3XhZ96wgwRXjvS17T,Coolio
7oPftvlwr6VrsViSDV7fJY,Green Day
5Y5TRrQiqgUO4S36tzjIRZ,Timbaland
1w5Kfo2jwwIPruYS2UWh56,Pearl Jam
4OBJLual30L7gRl5UkeRcT,T.I.
27T030eWyCQRmDyuvr1kxY,Scorpions
137W8MRPWKqSmrBGDBFSop,Wiz Khalifa
4MCBfE4596Uoi2O4DtmEMz,Juice WRLD
0NbfKEOTQCcwd6o7wSDOHI,The Game
1UTPBmNbXNTittyMJrNkvw,Blake Shelton
1RyvyyTE3xzB2ZywiAwp0i,Future
1HY2Jd0NmPuamShAr6KMms,Lady Gaga
3DiDSECUqqY1AuBP8qtaIa,Alicia Keys
3Sz7ZnJQBIHsXLUSo0OQtM,Mac DeMarco
35l9BRT7MXmM8bv2WDQiyB,beabadoobee
0TnOYISbd1XYRBk9myaseg,Pitbull
4D75GcNG95ebPtNvoNVXhz,AFROJACK
3AA28KZvwAUcZuOKwyblJQ,Gorillaz
6Xgp2XMz1fhVYe7i6yNAax,Trippie Redd
1G9G7WwrXka3Z1r7aIDjI7,Outkast
2kCcBybjl3SAtIcwdWpUe3,Lil Peep
0ONHkAv9pCAFxb0zJwDNTy,Pusha T
2HPaUgqeutzr3jx5a9WyDV,PARTYNEXTDOOR
1Xfmvd48oOhEWkscWyEbh9,Lloyd
2YZyLoL8N0Wb9xBt1NhZWg,Kendrick Lamar
3ipn9JLAPI5GUEo4y4jcoi,Ludacris
6XyY86QOPPrYVGvF9ch6wz,Linkin Park
0NIIxcxNHmOoyBx03SfTCD,Tinashe
5IcR3N7QB1j6KBL8eImZ8m,ScHoolboy Q
5cj0lLjcoR7YOSnhnX0Po5,Doja Cat
7tYKF4w9nC0nq9CsPZTHyP,SZA
4O15NlyKLIASxsJ0PrXPfz,Lil Uzi Vert
3q7HBObVc0L8jNeTe5Gofh,50 Cent
0L8ExT028jH3ddEcZwqJJ5,Red Hot Chili Peppers
5K4W6rqBFWDnAN6FQUkS6x,Kanye West
1XkoF8ryArs86LZvFOkbyr,Mary J. Blige
4V8LLVI7PbaPR0K2TGSxFF,"Tyler, The Creator"
1Cs0zKBU1kc0i8ypK3B9ai,David Guetta
6DPYiyq5kWVQS4RGwxzPC7,Dr. Dre
0Y5tJX1MQlPlqiwlOH1tJY,Travis Scott
293zczrfYafIItmnmM3coR,Chuck Berry
2Q3eZMfDQgT8MhPowKFXYO,t.A.T.u.
4F84IBURUo98rz4r61KF70,The White Stripes
66CXWjxzNUsdJxJ2JdwvnR,Ariana Grande
5eAWCfyUhZtHHtBdNk56l1,System Of A Down
2qxJFvFYMEDqd7ui6kSAcq,Zedd
757aE44tKEUQEqRuT6GnEB,Roddy Ricch
4yiQZ8tQPux8cPriYMWUFP,Gwen Stefani
5xUf6j4upBrXZPg6AI4MRK,Soundgarden
0SwO7SWeDHJijQ3XNS7xEE,MGMT
3FUY2gzHeIiaesXtOAdB7A,Train
2EMAnMvWE2eb56ToJVfCWs,Bryson Tiller
6zFYqv1mOsgBRQbae3JJ9e,Billy Joel
1Xyo4u8uXC1ZmMpatF05PJ,The Weeknd
6FBDaR13swtiWwGhX1WQsP,blink-182
6Ghvu1VvMGScGpOUJBAHNH,Deftones
25u4wHJWxCA9vO0CzxAbK7,Lukas Graham
165ZgPlLkK7bf5bDoFc6Sb,Limp Bizkit
4dYQmk5ma04mZ1KJ9KkAQK,Kacy Hill
0PFtn5NtBbbUNbU9EAmIWF,TOTO
1Ml4OuStDoympbREURAM15,The Fontane Sisters
35U9lQaRWSQISxQAB94Meo,America
3WrFJ7ztbogyGnTHbHJFl2,The Beatles
0C0XlULifJtAgn6ZNCW2eu,The Killers
0HS96tPggl2nwiz3gNWWI5,Mitchell Ayres & His Orchestra
1GxkXlMwML1oSg5eLPiAz3,Michael Bublé
5y2Xq6xcjJb2jVM54GHK3t,John Legend
0k17h0D3J5VfsdmQ1iZtE9,Pink Floyd
4lxfqrEsLX6N1N4OCSkILp,Phil Collins
73Np75Wv2tju61Eo9Zw4IR,Idina Menzel
4gzpq5DPGxSnKTe4SA8HAU,Coldplay
4Fgf6RvuWpiwDXSE7Vammx,George Martin
49bzE5vRBRIota4qeHtQM8,Skillet
0wi4yTYlGtEnbGo4ltZTib,Shakin' Stevens
6ZjFtWeHP9XN7FeKSUe80S,Bing Crosby
2cGwlqi3k18jFpUyTrsR84,The Verve
5lpH0xAS4fVfLkACg9DAuM,Wham!
3yY2gUcIsjMr8hjo51PoJ8,The Smiths
4YLtscXsxbVgi031ovDDdh,Chris Stapleton
0HU0U9kdXEHZVxUNbuQe8S,Donny Hathaway
43sZBwHjahUvgbx1WNIkIz,Creed
7H55rcKCfwqkyDFH9wpKM6,Christina Perri
0xliTEbFfy5HQHvsTknTkX,Alphaville
1AwO9pWEBSBoWdEZu28XDC,Eartha Kitt
5Pwc4xIPtQLFEnJriah9YJ,OneRepublic
7jy3rLJdDQY21OgRLCZ9sD,Foo Fighters
2NCGI6dLTxLdI9XHdv7QfM,The Andrews Sisters
4dpARuHxo51G3z768sgnrY,Adele
687cZJR45JO7jhk1LHIbgq,Tems
6QtgPSJPSzcnn7dPZ4VINp,King Von
4bthk9UfsYUYdcFyqxmSUU,Tears For Fears
1gl0S9pS0Zw0qfa14rDD3D,Surf Curse
2auikkNYqigWStoHWK1Grq,John Martin
37w38cCSGgKLdayTRjna4W,Mazzy Star
0XNa1vTidXlvJ2gHSsRi4A,Franz Ferdinand
711MCceyCBcFnzjGY4Q7Un,AC/DC
7CajNmpbOovFoOoasH2HaY,Calvin Harris
3tVQdUvClmAT7URs9V3rsp,Wizkid
4tZwfgrHOc3mvqYlEYSvVi,Daft Punk
2wY79sveU1sp5g7SokKOiI,Sam Smith
5KEG7G8LDYlHgFDqZyEEs2,Chris Rea
0rZp7G3gIH6WkyeXbrZnGi,Novo Amor
6VuMaDnrHyPL1p4EHjYLi7,Charlie Puth
04gDigrS5kc9YWfZHwBETP,Maroon 5
1Z8ODXyhEBi3WynYw0Rya6,De La Soul
0ECwFtbIWEVNwjlrfc6xoL,Eagles
1vCWHaC5f2uS3yhpwWbIA6,Avicii
1ThoqLcyIYvZn7iWbj8fsj,Bill Withers
6deZN1bslXzeGvOLaLMOIF,Nickelback
3dRfiJ2650SZu6GbydcHNb,John Williams
6nS5roXSAGhTGr34W6n7Et,Disclosure
5pKCCKE2ajJHZ9KAiaK11H,Rihanna
4Ga1P7PMIsmqEZqhYZQgDo,Lil Tecca
4VIvfOurcf0vuLRxLkGnIG,Bradley Cooper
5nGIFgo0shDenQYSE0Sn7c,Evanescence
6M2wZ9GZgrQXHCFfjv46we,Dua Lipa
1h6Cn3P4NGzXbaXidqURXs,Swedish House Mafia
0X2BH1fck6amBIoJhDVmmJ,Ellie Goulding
1lE6SEy8f84Zhjvp7r8yTD,Syleena Johnson
0WwSkZ7LtFUFjGjMZBMt6T,Dire Straits
55fhWPvDiMpLnE4ZzNXZyW,Noah Cyrus
735L650pvygCZZlPMyHqsN,John Scott Trotter & His Orchestra
4IWBUUAFIplrNtaOHcJPRM,James Arthur
4GNC7GD6oZMSxPGyXy4MNB,Lewis Capaldi
38EmEgXkgK51MT2tPY0EoC,Bobby Helms
2LhsePRtgCo4THVKULQBL7,L.V.
75jNCko3SnEMI5gwGqrbb8,Tammi Terrell
1ruutHJcECI7cos2n5TqpO,Nayer
2jp3Fk52x0HbymU0lNYbSC,Outlawz
4ytkhMSAnrDP8XzRNlw9FS,Vince Guaraldi Trio
2xiIXseIJcq3nG7C8fHeBj,Three Days Grace
69UfPJgUmFFAVT740qGVZi,Ken Darby Singers
1suIIDedjFJRuu8k7b55hZ,Gayla Peevey
7fObcBw9VM3x7ntWKCYl0z,Colby O'Donis
3qBKjEOanahMxlRojwCzhI,Zacari
0JXiS2FrAg3wQYJHcmZdrc,B. Swanson Quartet
6TK7fjRPdy2GW2pJzNF23L,Kyla
0oK8UXKZbQezeRhE0KeBAV,Henri René and His Orchestra
6KImCVD70vtIoJWnq6nGn3,Harry Styles
