id,name,album_name,artists,tempo,duration_ms,year,genre,popularity,artist_ids
0bYg9bo50gSsH3LtXe2SQn,All I Want for Christmas Is You,Merry Christmas,"[""Mariah Carey""]",150.273,241107,1994,Pop,98,"[""4iHNK0tOyZPYnBU7nGAgpQ""]"
2FRnf9qhLbvw8fu4IBXx78,Last Christmas,LAST CHRISTMAS,"[""Wham!""]",107.682,262960,1984,Pop,98,"[""5lpH0xAS4fVfLkACg9DAuM""]"
2EjXfH91m7f8HiJN1yQg97,Rockin' Around The Christmas Tree,Merry Christmas From Brenda Lee,"[""Brenda Lee""]",67.086,126267,1964,Pop,98,"[""4cPHsZM98sKzmV26wlwD2W""]"
7vQbuQcyTflfCIOu3Uzzya,Jingle Bell Rock,Jingle Bell Rock/Captain Santa Claus (And His Reindeer Space Patrol),"[""Bobby Helms""]",119.705,130973,1957,Pop,96,"[""38EmEgXkgK51MT2tPY0EoC""]"
0lizgQ7Qw35od7CYaoMBZb,Santa Tell Me,Santa Tell Me,"[""Ariana Grande""]",191.868,204093,2014,Pop,96,"[""66CXWjxzNUsdJxJ2JdwvnR""]"
2uFaJJtFpPDc5Pa95XzTvg,Let It Snow! Let It Snow! Let It Snow!,A Winter Romance,"[""Dean Martin""]",134.009,117147,1959,Jazz,95,"[""49e4v89VmlDcFCMyDv9wQ9""]"
5hslUAKq9I9CG2bAulFkHN,It's the Most Wonderful Time of the Year,The Andy Williams Christmas Album,"[""Andy Williams""]",201.629,151933,1963,Pop,93,"[""4sj6D0zlMOl25nprDJBiU9""]"
70LcF31zb1H0PyJoS1Sx1r,Creep,Pablo Honey,"[""Radiohead""]",91.844,238640,1993,Rock,92,"[""4Z8W4fKeB5YxbusRsdQVPb""]"
5XeFesFbtLpXzIVDNQP22n,I Wanna Be Yours,AM,"[""Arctic Monkeys""]",67.528,183956,2013,Pop,92,"[""7Ln80lUS6He07XvHI8qqHH""]"
5ASM6Qjiav2xPe7gRkQMsQ,Sleigh Ride,A Christmas Gift For You From Phil Spector,"[""The Ronettes""]",91.751,181267,1963,Pop,92,"[""7CyeXFnOrfC1N6z4naIpgo""]"
4PS1e8f2LvuTFgUs1Cn3ON,The Christmas Song (Merry Christmas To You),The Christmas Song (Expanded Edition),"[""Nat King Cole""]",73.196,192160,1962,Pop,92,"[""7v4imS0moSyGdXyLgVTIV7""]"
2TE4xW3ImvpltVU0cPcKUn,Merry Christmas Everyone,Merry Christmas Everyone,"[""Shakin' Stevens""]",202.899,220160,1991,Pop,91,"[""0wi4yTYlGtEnbGo4ltZTib""]"
7MXVkk9YMctZqd1Srtv4MB,Starboy,Starboy,"[""The Weeknd"", ""Daft Punk""]",186.003,230453,2016,Electronic,91,"[""1Xyo4u8uXC1ZmMpatF05PJ"", ""4tZwfgrHOc3mvqYlEYSvVi""]"
3XsaSIPWvM61RIFfeb0BBR,White Christmas - 1947 Version,White Christmas,"[""Bing Crosby"", ""Ken Darby Singers"", ""John Scott Trotter & His Orchestra""]",96.593,183613,1945,Pop,91,"[""6ZjFtWeHP9XN7FeKSUe80S"", ""69UfPJgUmFFAVT740qGVZi"", ""735L650pvygCZZlPMyHqsN""]"
3GCdLUSnKSMJhs4Tj6CV3s,"All The Stars (with SZA) - From ""Black Panther: The Album""",Black Panther The Album Music From And Inspired By,"[""Kendrick Lamar"", ""SZA""]",96.924,232187,2018,Hip-Hop,90,"[""2YZyLoL8N0Wb9xBt1NhZWg"", ""7tYKF4w9nC0nq9CsPZTHyP""]"
0ofHAoxe9vBkTCp2UQIavz,Dreams - 2004 Remaster,Rumours (Super Deluxe),"[""Fleetwood Mac""]",120.151,257800,1977,Rock,90,"[""08GQAI4eElDnROBrJRGE0X""]"
0d28khcov6AiegSCpG5TuT,Feel Good Inc.,Demon Days,"[""Gorillaz"", ""De La Soul""]",138.559,222640,2005,Hip-Hop,90,"[""3AA28KZvwAUcZuOKwyblJQ"", ""1Z8ODXyhEBi3WynYw0Rya6""]"
60a0Rd6pjrkxjPbaKzXjfq,In the End,Hybrid Theory (Bonus Edition),"[""Linkin Park""]",105.143,216880,2000,Rock,90,"[""6XyY86QOPPrYVGvF9ch6wz""]"
2pXpURmn6zC5ZYDMms6fwa,It's Beginning to Look a Lot Like Christmas (with Mitchell Ayres & His Orchestra),Greatest Christmas Songs,"[""Perry Como"", ""The Fontane Sisters"", ""Mitchell Ayres & His Orchestra""]",112.874,155933,1999,Pop,90,"[""5v8jlSmAQfrkTjAlpUfWtu"", ""1Ml4OuStDoympbREURAM15"", ""0HS96tPggl2nwiz3gNWWI5""]"
2fuYa3Lx06QQJAm0MjztKr,Let Down,OK Computer,"[""Radiohead""]",102.46,299560,1997,Rock,90,"[""4Z8W4fKeB5YxbusRsdQVPb""]"
003vvx7Niy0yvhvHt4a68B,Mr. Brightside,Hot Fuss,"[""The Killers""]",148.033,222973,2004,Rock,90,"[""0C0XlULifJtAgn6ZNCW2eu""]"
1zi7xx7UVEFkmKfv06H8x0,One Dance,Views,"[""Drake"", ""Wizkid"", ""Kyla""]",103.967,173987,2016,Hip-Hop,90,"[""3TVXtAsR1Inumwj472S9r4"", ""3tVQdUvClmAT7URs9V3rsp"", ""6TK7fjRPdy2GW2pJzNF23L""]"
3QIoEi8Enr9uHffwInGIsC,Please Come Home for Christmas - 2013 Remaster,Please Come Home for Christmas / Funky New Year (2013 Remaster),"[""Eagles""]",183.18,177440,1978,Rock,90,"[""0ECwFtbIWEVNwjlrfc6xoL""]"
2pnPe4pJtq7689i5ydzvJJ,Run Rudolph Run,Rock 'N' Roll Rarities,"[""Chuck Berry""]",152.134,165733,1986,Rock,90,"[""293zczrfYafIItmnmM3coR""]"
0COqiPhxzoWICwFCS4eZcp,Bring Me To Life,Fallen,"[""Evanescence""]",94.612,235893,2003,Rock,89,"[""5nGIFgo0shDenQYSE0Sn7c""]"
4tHqQMWSqmL6YjXwsqthDI,"Carol of the Bells (From ""Home Alone"" Soundtrack)",Home Alone (Original Motion Picture Soundtrack),"[""John Williams""]",46.718,85267,1990,Classical,89,"[""3dRfiJ2650SZu6GbydcHNb""]"
4RvWPyQ5RL0ao9LPZeSouE,Everybody Wants To Rule The World,Songs From The Big Chair (Super Deluxe Edition),"[""Tears For Fears""]",112.067,251489,1985,Pop,89,"[""4bthk9UfsYUYdcFyqxmSUU""]"
4kKdvXD0ez7jp1296JmAts,Let It Snow! Let It Snow! Let It Snow! (with The B. Swanson Quartet),Christmas Songs by Sinatra,"[""Frank Sinatra"", ""B. Swanson Quartet""]",142.169,155453,1994,Jazz,89,"[""1Mxqyy3pSjf8kZZL4QVxS0"", ""0JXiS2FrAg3wQYJHcmZdrc""]"
2nLtzopw4rPReszdYBJU6h,Numb,Meteora,"[""Linkin Park""]",110.072,187520,2003,Rock,89,"[""6XyY86QOPPrYVGvF9ch6wz""]"
0tgVpDi06FyKpA1z0VMD4v,Perfect,÷ (Deluxe),"[""Ed Sheeran""]",95.05,263400,2017,Pop,89,"[""6eUKZXaKkcviH0Ku9w2n3V""]"
7qiZfU4dY1lWllzX7mPBI3,Shape of You,÷ (Deluxe),"[""Ed Sheeran""]",95.977,233713,2017,Pop,89,"[""6eUKZXaKkcviH0Ku9w2n3V""]"
6K4t31amVTZDgR3sKmwUJJ,The Less I Know The Better,Currents,"[""Tame Impala""]",116.879,216320,2015,Rock,89,"[""5INjqkS1o8h1imAzPqGZBb""]"
5cF0dROlMOK5uNZtivgu50,Attention,Voicenotes,"[""Charlie Puth""]",100.066,208787,2018,Pop,88,"[""6VuMaDnrHyPL1p4EHjYLi7""]"
3QiAAp20rPC3dcAtKtMaqQ,Blue Christmas,Elvis' Christmas Album,"[""Elvis Presley""]",94.518,129173,1957,Rock,88,"[""43ZHCT0cAZBISjO8DG9PnE""]"
2tpWsVSb9UEmDRxAl1zhX1,Counting Stars,Native,"[""OneRepublic""]",122.016,257267,2013,Pop,88,"[""5Pwc4xIPtQLFEnJriah9YJ""]"
5FVd6KXrgO9B3JPmC8OPst,Do I Wanna Know?,AM,"[""Arctic Monkeys""]",85.03,272394,2013,Pop,88,"[""7Ln80lUS6He07XvHI8qqHH""]"
4QNpBfC0zvjKqPJcyqBy9W,Give Me Everything (feat. Nayer),Planet Pit (Deluxe Version),"[""Pitbull"", ""AFROJACK"", ""Ne-Yo"", ""Nayer""]",129.024,252307,2011,Electronic,88,"[""0TnOYISbd1XYRBk9myaseg"", ""4D75GcNG95ebPtNvoNVXhz"", ""21E3waRsmPlU7jZsS13rcj"", ""1ruutHJcECI7cos2n5TqpO""]"
15JINEqzVMv3SvJTAXAKED,Love The Way You Lie,Recovery,"[""Eminem"", ""Rihanna""]",86.989,263373,2010,Hip-Hop,88,"[""7dGJo4pcD2V6oG8kP0tJRR"", ""5pKCCKE2ajJHZ9KAiaK11H""]"
04vLj9QUXoKdRlsp3gkURo,Mele Kalikimaka (Merry Christmas),White Christmas,"[""Bing Crosby"", ""The Andrews Sisters""]",202.677,175333,1945,Pop,88,"[""6ZjFtWeHP9XN7FeKSUe80S"", ""2NCGI6dLTxLdI9XHdv7QfM""]"
10nyNJ6zNy2YVYLrcwLccB,No Surprises,OK Computer,"[""Radiohead""]",76.426,229120,1997,Rock,88,"[""4Z8W4fKeB5YxbusRsdQVPb""]"
5TTGoX70AFrTvuEtqHK37S,No. 1 Party Anthem,AM,"[""Arctic Monkeys""]",115.013,243132,2013,Pop,88,"[""7Ln80lUS6He07XvHI8qqHH""]"
1foCxQtxBweJtZmdxhEHVO,Santa Baby (with Henri René & His Orchestra),Heavenly Eartha,"[""Eartha Kitt"", ""Henri Ren\u00e9 and His Orchestra""]",84.485,206067,2002,Pop,88,"[""1AwO9pWEBSBoWdEZu28XDC"", ""0oK8UXKZbQezeRhE0KeBAV""]"
7qEHsqek33rTcFNT9PFqLf,Someone You Loved,Divinely Uninspired To A Hellish Extent,"[""Lewis Capaldi""]",109.891,182161,2019,Pop,88,"[""4GNC7GD6oZMSxPGyXy4MNB""]"
2WfaOiMkCvy7F5fcp2zZ8L,Take on Me,Hunting High and Low,"[""a-ha""]",84.412,225280,1985,Pop,88,"[""2jzc5TC5TVFLXQlBNiIUzE""]"
5e9TFTbltYBg2xThimr0rU,The Chain - 2004 Remaster,Rumours (Super Deluxe),"[""Fleetwood Mac""]",151.553,270213,1977,Rock,88,"[""08GQAI4eElDnROBrJRGE0X""]"
2OQ6a4CfUeYskpTTgyawyJ,You Make It Feel Like Christmas (feat. Blake Shelton),You Make It Feel Like Christmas,"[""Gwen Stefani"", ""Blake Shelton""]",92.999,156773,2017,Country,88,"[""4yiQZ8tQPux8cPriYMWUFP"", ""1UTPBmNbXNTittyMJrNkvw""]"
0BxE4FqsDD1Ot4YuBXwAPp,505,Favourite Worst Nightmare,"[""Arctic Monkeys""]",140.266,253587,2007,Rock,87,"[""7Ln80lUS6He07XvHI8qqHH""]"
0FDzzruyVECATHXKHFs9eJ,A Sky Full of Stars,Ghost Stories,"[""Coldplay""]",124.97,267867,2014,Rock,87,"[""4gzpq5DPGxSnKTe4SA8HAU""]"
2374M0fQpWi3dLnB54qaLX,Africa,Toto IV,"[""TOTO""]",92.718,295893,1982,Rock,87,"[""0PFtn5NtBbbUNbU9EAmIWF""]"
3ZOEytgrvLwQaqXreDs2Jx,Can't Stop,By the Way (Deluxe Edition),"[""Red Hot Chili Peppers""]",91.455,269000,2002,Rock,87,"[""0L8ExT028jH3ddEcZwqJJ5""]"
1LzNfuep1bnAUR9skqdHCK,Fade Into You,So Tonight That I Might See,"[""Mazzy Star""]",157.143,295600,1993,Rock,87,"[""37w38cCSGgKLdayTRjna4W""]"
0oPdaY4dXtc3ZsaG17V972,Feliz Navidad,Feliz Navidad,"[""Jos\u00e9 Feliciano""]",148.837,182067,2002,Pop,87,"[""7K78lVZ8XzkjfRSI7570FF""]"
1DIXPcTDzTj8ZMHt3PDt8p,Gangsta's Paradise,Gangsta's Paradise,"[""Coolio"", ""L.V.""]",79.975,240693,1995,Hip-Hop,87,"[""3y24n3XhZ96wgwRXjvS17T"", ""2LhsePRtgCo4THVKULQBL7""]"
6LxSe8YmdPxy095Ux6znaQ,Headlines,Take Care (Deluxe),"[""Drake""]",151.894,235987,2011,Hip-Hop,87,"[""3TVXtAsR1Inumwj472S9r4""]"
2zYzyRzz6pRmhPzyfMEC8s,Highway to Hell,Highway to Hell,"[""AC/DC""]",115.728,208400,1979,Rock,87,"[""711MCceyCBcFnzjGY4Q7Un""]"
6tjituizSxwSmBB5vtgHZE,Holly Jolly Christmas,Christmas,"[""Michael Bubl\u00e9""]",151.251,119787,2011,Pop,87,"[""1GxkXlMwML1oSg5eLPiAz3""]"
0lLdorYw7lVrJydTINhWdI,It's Beginning to Look a Lot like Christmas,Christmas,"[""Michael Bubl\u00e9""]",94.775,206640,2011,Pop,87,"[""1GxkXlMwML1oSg5eLPiAz3""]"
31AOj9sFz2gM0O3hMARRBx,Losing My Religion,Out Of Time (25th Anniversary Edition),"[""R.E.M.""]",125.639,268427,1991,Rock,87,"[""4KWTAlx2RvbpseOGMEmROg""]"
2XHzzp1j4IfTNp1FTn7YFg,Love Me,I Am Not A Human Being II (Deluxe),"[""Lil Wayne"", ""Drake"", ""Future""]",124.926,255053,2013,Hip-Hop,87,"[""55Aa2cqylxrFIXC767Z865"", ""3TVXtAsR1Inumwj472S9r4"", ""1RyvyyTE3xzB2ZywiAwp0i""]"
68Dni7IE4VyPkTOH9mRWHr,No Role Modelz,2014 Forest Hills Drive,"[""J. Cole""]",100.028,292799,2014,Hip-Hop,87,"[""6l3HvQ5sa6mXTsMTB19rO5""]"
7MmG8p0F9N3C4AXdK6o6Eb,Outside (feat. Ellie Goulding),Motion,"[""Calvin Harris"", ""Ellie Goulding""]",128.035,227267,2014,Electronic,87,"[""7CajNmpbOovFoOoasH2HaY"", ""0X2BH1fck6amBIoJhDVmmJ""]"
5mCPDVBb16L4XQwDdbRUpz,Passionfruit,More Life,"[""Drake""]",111.98,298941,2017,Hip-Hop,87,"[""3TVXtAsR1Inumwj472S9r4""]"
1XGmzt0PVuFgQYYnV2It7A,Payphone,Overexposed Track By Track,"[""Maroon 5"", ""Wiz Khalifa""]",110.015,231173,2012,Pop,87,"[""04gDigrS5kc9YWfZHwBETP"", ""137W8MRPWKqSmrBGDBFSop""]"
1HNkqx9Ahdgi1Ixy2xkKkL,Photograph,x (Deluxe Edition),"[""Ed Sheeran""]",107.989,258987,2014,Pop,87,"[""6eUKZXaKkcviH0Ku9w2n3V""]"
6VObnIkLVruX4UVyxWhlqm,Skyfall,Skyfall,"[""Adele""]",75.881,286480,2012,Pop,87,"[""4dpARuHxo51G3z768sgnrY""]"
0JXXNGljqupsJaZsgSbMZV,Sure Thing,All I Want Is You,"[""Miguel""]",81.001,195373,2010,R&B,87,"[""360IAlyVv4PCEVjgyMZrxK""]"
6ECp64rv50XVz93WvxXMGF,This Love,Songs About Jane: 10th Anniversary Edition,"[""Maroon 5""]",95.051,206200,2002,Pop,87,"[""04gDigrS5kc9YWfZHwBETP""]"
57bgtoPSgt236HzfBOd8kj,Thunderstruck,The Razors Edge,"[""AC/DC""]",133.52,292880,1990,Rock,87,"[""711MCceyCBcFnzjGY4Q7Un""]"
3YZE5qDV7u1ZD1gZc47ZeR,Underneath the Tree,Wrapped In Red,"[""Kelly Clarkson""]",159.878,229640,2013,Pop,87,"[""3BmGtnKgCSGYIUhmivXKWX""]"
6ocbgoVGwYJhOv1GgI9NsF,7 rings,"thank u, next","[""Ariana Grande""]",140.048,178627,2019,Pop,86,"[""66CXWjxzNUsdJxJ2JdwvnR""]"
3U4isOIWM3VvDubwSI3y7a,All of Me,Love In The Future (Expanded Edition),"[""John Legend""]",119.93,269560,2013,Pop,86,"[""5y2Xq6xcjJb2jVM54GHK3t""]"
08mG3Y1vljYA6bvDt4Wqkj,Back In Black,Back In Black,"[""AC/DC""]",188.386,255493,1980,Rock,86,"[""711MCceyCBcFnzjGY4Q7Un""]"
0SiywuOBRcynK0uKGWdCnn,Bad Romance,The Fame Monster (Deluxe Edition),"[""Lady Gaga""]",119.001,294573,2009,Pop,86,"[""1HY2Jd0NmPuamShAr6KMms""]"
5hM5arv9KDbCHS0k9uqwjr,Borderline,The Slow Rush,"[""Tame Impala""]",97.96,237800,2020,Rock,86,"[""5INjqkS1o8h1imAzPqGZBb""]"
48UPSzbZjgc449aqz8bxox,Californication,Californication (Deluxe Edition),"[""Red Hot Chili Peppers""]",96.483,329733,1999,Rock,86,"[""0L8ExT028jH3ddEcZwqJJ5""]"
2DlHlPMa4M17kufBvI2lEN,Chop Suey!,Toxicity,"[""System Of A Down""]",127.066,210240,2001,Rock,86,"[""5eAWCfyUhZtHHtBdNk56l1""]"
3PIDciSFdrQxSQSihim3hN,Christmas (Baby Please Come Home),Merry Christmas,"[""Mariah Carey""]",127.148,153240,1994,Pop,86,"[""4iHNK0tOyZPYnBU7nGAgpQ""]"
2igwFfvr1OAGX9SKDCPBwO,Empire State Of Mind,The Blueprint 3,"[""JAY-Z"", ""Alicia Keys""]",173.585,276920,2009,Hip-Hop,86,"[""3nFkdlSjzX9mRTtwJOzDYB"", ""3DiDSECUqqY1AuBP8qtaIa""]"
2LawezPeJhN4AWuSB0GtAU,Have You Ever Seen The Rain,Pendulum (Expanded Edition),"[""Creedence Clearwater Revival""]",116.109,160133,1970,Rock,86,"[""3IYUhFvPQItj6xySrBmZkd""]"
4EWCNWgDS8707fNSZ1oaA5,Heartless,808s & Heartbreak,"[""Kanye West""]",87.999,211000,2008,Hip-Hop,86,"[""5K4W6rqBFWDnAN6FQUkS6x""]"
0gmbgwZ8iqyMPmXefof8Yf,How You Remind Me,Silver Side Up,"[""Nickelback""]",172.094,223840,2001,Rock,86,"[""6deZN1bslXzeGvOLaLMOIF""]"
7795WJLVKJoAyVoOtCWqXN,I'm Not The Only One,In The Lonely Hour,"[""Sam Smith""]",82.001,239317,2014,Pop,86,"[""2wY79sveU1sp5g7SokKOiI""]"
4gbVRS8gloEluzf0GzDOFc,Maps,V,"[""Maroon 5""]",120.032,189960,2014,Pop,86,"[""04gDigrS5kc9YWfZHwBETP""]"
48QmG1dfvMuYLxMPt7KSRA,No Lie,Mad Love The Prequel,"[""Sean Paul"", ""Dua Lipa""]",102.04,221176,2018,Folk,86,"[""3Isy6kedDrgPYoTS1dazA9"", ""6M2wZ9GZgrQXHCFfjv46we""]"
3Q4gttWQ6hxqWOa3tHoTNi,Not You Too (feat. Chris Brown),Dark Lane Demo Tapes,"[""Drake"", ""Chris Brown""]",86.318,269680,2020,Hip-Hop,86,"[""3TVXtAsR1Inumwj472S9r4"", ""7bXgB6jMjp9ATFy66eO08Z""]"
7xoUc6faLbCqZO6fQEYprd,One Last Time,My Everything (Deluxe),"[""Ariana Grande""]",125.025,197267,2014,Pop,86,"[""66CXWjxzNUsdJxJ2JdwvnR""]"
70C4NyhjD5OZUMzvWZ3njJ,Piano Man,Piano Man (Legacy Edition),"[""Billy Joel""]",177.734,339000,1973,Rock,86,"[""6zFYqv1mOsgBRQbae3JJ9e""]"
5uCax9HTNlzGybIStD3vDh,Say You Won't Let Go,Back from the Edge,"[""James Arthur""]",85.043,211467,2016,Pop,86,"[""4IWBUUAFIplrNtaOHcJPRM""]"
1G391cbiT3v3Cywg8T7DM1,Scar Tissue,Californication (Deluxe Edition),"[""Red Hot Chili Peppers""]",88.969,215907,1999,Rock,86,"[""0L8ExT028jH3ddEcZwqJJ5""]"
4CeeEOM32jQcH3eN9Q2dGj,Smells Like Teen Spirit,Nevermind (Remastered),"[""Nirvana""]",116.761,301920,1991,Rock,86,"[""6olE6TJLqED3rqDCT0FyPh""]"
6I9VzXrHxO9rA9A5euc8Ak,Toxic,In The Zone,"[""Britney Spears""]",143.04,198800,2003,Pop,86,"[""26dSoYclwsYLMAKD3tpOr4""]"
0nrRP2bk19rLc0orkWPQk2,Wake Me Up,TRUE,"[""Avicii""]",124.08,247427,2013,Electronic,86,"[""1vCWHaC5f2uS3yhpwWbIA6""]"
18lR4BzEs7e3qzc0KVkTpU,What I've Done,Minutes to Midnight,"[""Linkin Park""]",120.092,205227,2007,Rock,86,"[""6XyY86QOPPrYVGvF9ch6wz""]"
086myS9r57YsLbJpU0TgK9,Why'd You Only Call Me When You're High?,AM,"[""Arctic Monkeys""]",92.004,161124,2013,Pop,86,"[""7Ln80lUS6He07XvHI8qqHH""]"
0uxSUdBrJy9Un0EYoBowng,20 Min,Luv Is Rage 2 (Deluxe),"[""Lil Uzi Vert""]",123.426,220587,2017,Hip-Hop,85,"[""4O15NlyKLIASxsJ0PrXPfz""]"
6lanRgr6wXibZr8KgzXxBl,a thousand years,a thousand years,"[""Christina Perri""]",139.028,285120,2011,Pop,85,"[""7H55rcKCfwqkyDFH9wpKM6""]"
69uxyAqqPIsUyTO8txoP2M,Adventure of a Lifetime,A Head Full of Dreams,"[""Coldplay""]",111.995,263787,2015,Rock,85,"[""4gzpq5DPGxSnKTe4SA8HAU""]"
2rbDhOo9Fh61Bbu23T2qCk,Always Remember Us This Way,A Star Is Born Soundtrack (Without Dialogue),"[""Lady Gaga""]",129.976,210200,2018,Pop,85,"[""1HY2Jd0NmPuamShAr6KMms""]"
6epn3r7S14KUqlReYr77hA,Baby,My World 2.0,"[""Justin Bieber"", ""Ludacris""]",65.043,214240,2010,Hip-Hop,85,"[""1uNFoZAHBGtllmzznpCI3s"", ""3ipn9JLAPI5GUEo4y4jcoi""]"
57iDDD9N9tTWe75x6qhStw,Bitter Sweet Symphony - Remastered 2016,Urban Hymns (Remastered 2016),"[""The Verve""]",171.176,357267,1997,Pop,85,"[""2cGwlqi3k18jFpUyTrsR84""]"
5cZqsjVs6MevCnAkasbEOX,Break Stuff,Significant Other,"[""Limp Bizkit""]",108.948,166707,1999,Rock,85,"[""165ZgPlLkK7bf5bDoFc6Sb""]"
46pF1zFimM582ss1PrMy68,Christmas (Baby Please Come Home),A Christmas Gift For You From Phil Spector,"[""Darlene Love""]",126.627,166453,1963,Pop,85,"[""391oLRVmoTkumiN79HkTWu""]"
5aDoUmxBsbdpS16alksb5Z,Do You Hear What I Hear? - Remastered 2006,Bing Crosby - Christmas Classics,"[""Bing Crosby""]",101.529,165667,2006,Pop,85,"[""6ZjFtWeHP9XN7FeKSUe80S""]"
5UWwZ5lm5PKu6eKsHAGxOk,Everlong,The Colour And The Shape,"[""Foo Fighters""]",158.066,250547,1997,Rock,85,"[""7jy3rLJdDQY21OgRLCZ9sD""]"
4Yf5bqU3NK4kNOypcrLYwU,Faint,Meteora,"[""Linkin Park""]",135.095,162600,2003,Rock,85,"[""6XyY86QOPPrYVGvF9ch6wz""]"
4jvjzW7Hm0yK4LvvE0Paz9,Falling Down - Bonus Track,"Come Over When You're Sober, Pt. 2","[""Lil Peep"", ""XXXTENTACION""]",120.013,196400,2018,Hip-Hop,85,"[""2kCcBybjl3SAtIcwdWpUe3"", ""15UsOTVnJzReFVN1VCnxy4""]"
7EkWXAI1wn8Ii883ecd9xr,Freaks,Freaks,"[""Surf Curse""]",179.626,147062,2021,Pop,85,"[""1gl0S9pS0Zw0qfa14rDD3D""]"
6ic8OlLUNEATToEFU3xmaH,Gimme More,Blackout,"[""Britney Spears""]",113.324,251240,2007,Pop,85,"[""26dSoYclwsYLMAKD3tpOr4""]"
6DCZcSspjsKoFjzjrWoCdn,God's Plan,Scorpion,"[""Drake""]",77.169,198973,2018,Hip-Hop,85,"[""3TVXtAsR1Inumwj472S9r4""]"
7KXjTSCq5nL1LoYtL7XAwS,HUMBLE.,DAMN.,"[""Kendrick Lamar""]",150.011,177000,2017,Hip-Hop,85,"[""2YZyLoL8N0Wb9xBt1NhZWg""]"
40riOy7x9W7GXjyGp4pjAv,Hotel California - 2013 Remaster,Hotel California (2013 Remaster),"[""Eagles""]",147.125,391376,1976,Rock,85,"[""0ECwFtbIWEVNwjlrfc6xoL""]"
07q0QVgO56EorrSGHC48y3,I Was Made For Lovin' You,Dynasty,"[""KISS""]",128.373,271240,1979,Rock,85,"[""07XSN3sPlIlB2L2XNcTwJw""]"
4uUG5RXrOk84mYEfFvj3cK,I'm Good (Blue),I'm Good (Blue),"[""David Guetta"", ""Bebe Rexha""]",128.04,175238,2022,Electronic,85,"[""1Cs0zKBU1kc0i8ypK3B9ai"", ""64M6ah0SkkRsnPGtGiRAbb""]"
4HEOgBHRCExyYVeTyrXsnL,Jingle Bells - Remastered 1999,A Jolly Christmas From Frank Sinatra,"[""Frank Sinatra""]",174.661,120693,1957,Jazz,85,"[""1Mxqyy3pSjf8kZZL4QVxS0""]"
3DarAbFujv6eYNliUTyqtz,Kiss Me More (feat. SZA),Planet Her,"[""Doja Cat"", ""SZA""]",110.97,208667,2021,R&B,85,"[""5cj0lLjcoR7YOSnhnX0Po5"", ""7tYKF4w9nC0nq9CsPZTHyP""]"
5ihS6UUlyQAfmp48eSkxuQ,Landslide,Fleetwood Mac,"[""Fleetwood Mac""]",159.375,199493,1975,Rock,85,"[""08GQAI4eElDnROBrJRGE0X""]"
5xDrO9DEDJGUQGfyoHvgDJ,Last Christmas,Christmas Kisses,"[""Ariana Grande""]",205.945,203653,2013,Pop,85,"[""66CXWjxzNUsdJxJ2JdwvnR""]"
5xlS0QkVrSH7ssEbBgBzbM,Little Saint Nick - 1991 Remix,The Beach Boys' Christmas Album,"[""The Beach Boys""]",130.594,118840,1964,Classical,85,"[""3oDbviiivRWhXwIE8hxkVV""]"
64BbK9SFKH2jk86U3dGj2P,Otherside,Californication (Deluxe Edition),"[""Red Hot Chili Peppers""]",123.229,255373,1999,Rock,85,"[""0L8ExT028jH3ddEcZwqJJ5""]"
1QV6tiMFM6fSOKOGLMHYYg,Poker Face,The Fame,"[""Lady Gaga""]",119.001,237200,2008,Pop,85,"[""1HY2Jd0NmPuamShAr6KMms""]"
1oFAF1hdPOickyHgbuRjyX,Save Your Tears (Remix) (with Ariana Grande) - Bonus Track,After Hours (Deluxe),"[""The Weeknd"", ""Ariana Grande""]",118.091,191014,2020,Pop,85,"[""1Xyo4u8uXC1ZmMpatF05PJ"", ""66CXWjxzNUsdJxJ2JdwvnR""]"
3dPQuX8Gs42Y7b454ybpMR,Seven Nation Army,Elephant,"[""The White Stripes""]",123.596,232107,2003,Rock,85,"[""4F84IBURUo98rz4r61KF70""]"
2VxeLyX666F8uXCJ0dZF8B,Shallow,A Star Is Born Soundtrack,"[""Lady Gaga"", ""Bradley Cooper""]",95.82,215733,2018,Pop,85,"[""1HY2Jd0NmPuamShAr6KMms"", ""4VIvfOurcf0vuLRxLkGnIG""]"
4llK75pXNWZz6KAho2Gp16,She Will Be Loved - Radio Mix,Songs About Jane: 10th Anniversary Edition,"[""Maroon 5""]",102.0,259453,2002,Pop,85,"[""04gDigrS5kc9YWfZHwBETP""]"
37Tmv4NnfQeb0ZgUC4fOJj,Sultans Of Swing,Dire Straits,"[""Dire Straits""]",148.174,348624,1978,Rock,85,"[""0WwSkZ7LtFUFjGjMZBMt6T""]"
1TfqLAPs4K3s2rJMoCokcS,Sweet Dreams (Are Made of This) - 2005 Remaster,Sweet Dreams (Are Made Of This),"[""Eurythmics"", ""Annie Lennox"", ""Dave Stewart""]",125.135,216933,1983,Electronic,85,"[""0NKDgy9j66h3DLnN8qu1bB"", ""5MspMQqdVbdwP6ax3GXqum"", ""7gcCQIlkkfbul5Mt0jBQkg""]"
20I8RduZC2PWMWTDCZuuAN,Take Me Out,Franz Ferdinand,"[""Franz Ferdinand""]",104.561,237027,2004,Rock,85,"[""0XNa1vTidXlvJ2gHSsRi4A""]"
3fqwjXwUGN6vbzIwvyFMhx,Tennessee Whiskey,Traveller,"[""Chris Stapleton""]",48.718,293293,2015,Country,85,"[""4YLtscXsxbVgi031ovDDdh""]"
0ct6r3EGTcMLPtrXHDvVjc,The Nights,The Days / Nights,"[""Avicii""]",125.983,176658,2014,Electronic,85,"[""1vCWHaC5f2uS3yhpwWbIA6""]"
34gCuhDGsG4bRPIf9bb02f,Thinking out Loud,x (Deluxe Edition),"[""Ed Sheeran""]",78.998,281560,2014,Pop,85,"[""6eUKZXaKkcviH0Ku9w2n3V""]"
7fEoXCZTZFosUFvFQg1BmW,Took Her To The O,Levon James,"[""King Von""]",159.98,196180,2020,Hip-Hop,85,"[""6QtgPSJPSzcnn7dPZ4VINp""]"
0snQkGI5qnAmohLE7jTsTn,Toxicity,Toxicity,"[""System Of A Down""]",116.68,218933,2001,Rock,85,"[""5eAWCfyUhZtHHtBdNk56l1""]"
49FYlytm3dAAraYgpoJZux,Umbrella,Good Girl Gone Bad: Reloaded,"[""Rihanna"", ""JAY-Z""]",174.034,275987,2008,Hip-Hop,85,"[""5pKCCKE2ajJHZ9KAiaK11H"", ""3nFkdlSjzX9mRTtwJOzDYB""]"
3d9DChrdc6BOeFsbrZ3Is0,Under the Bridge,Blood Sugar Sex Magik (Deluxe Edition),"[""Red Hot Chili Peppers""]",84.581,264307,1991,Rock,85,"[""0L8ExT028jH3ddEcZwqJJ5""]"
5IgjP7X4th6nMNDh4akUHb,Under The Influence,Indigo (Extended),"[""Chris Brown""]",116.931,184613,2019,R&B,85,"[""7bXgB6jMjp9ATFy66eO08Z""]"
4U45aEWtQhrm8A5mxPaFZ7,Vienna,The Stranger (Legacy Edition),"[""Billy Joel""]",124.936,214240,1977,Rock,85,"[""6zFYqv1mOsgBRQbae3JJ9e""]"
6qn9YLKt13AGvpq9jfO8py,We Found Love,Talk That Talk,"[""Rihanna"", ""Calvin Harris""]",127.975,215227,2011,Electronic,85,"[""5pKCCKE2ajJHZ9KAiaK11H"", ""7CajNmpbOovFoOoasH2HaY""]"
6gBFPUFcJLzWGx4lenP6h2,goosebumps,Birds In The Trap Sing McKnight,"[""Travis Scott""]",130.049,243837,2016,Hip-Hop,85,"[""0Y5tJX1MQlPlqiwlOH1tJY""]"
2RdEC8Ff83WkX7kDVCHseE,party 4 u,how i'm feeling now,"[""Charli xcx""]",79.453,296653,2020,Electronic,85,"[""25uiPmTg16RbhZWAqwLBy5""]"
3MjUtNVVq3C8Fn0MP3zhXa,...Baby One More Time,...Baby One More Time (Digital Deluxe Version),"[""Britney Spears""]",92.96,211067,1999,Pop,84,"[""26dSoYclwsYLMAKD3tpOr4""]"
58ge6dfP91o9oXMzq3XkIS,505,Favourite Worst Nightmare (Standard Version),"[""Arctic Monkeys""]",140.267,253587,2007,Rock,84,"[""7Ln80lUS6He07XvHI8qqHH""]"
5kqIPrATaCc2LqxVWzQGbk,7 Years,Lukas Graham,"[""Lukas Graham""]",119.992,237300,2016,Pop,84,"[""25u4wHJWxCA9vO0CzxAbK7""]"
4e9eGQYsOiBcftrWXwsVco,Aerials,Toxicity,"[""System Of A Down""]",79.342,235053,2001,Rock,84,"[""5eAWCfyUhZtHHtBdNk56l1""]"
2S2od3hT7ceytw7d1pTRuE,Again (feat. XXXTENTACION),Again (feat. XXXTENTACION),"[""Noah Cyrus"", ""XXXTENTACION""]",119.973,193962,2017,Hip-Hop,84,"[""55fhWPvDiMpLnE4ZzNXZyW"", ""15UsOTVnJzReFVN1VCnxy4""]"
7tqhbajSfrz2F7E1Z75ASX,Ain't No Mountain High Enough,United,"[""Marvin Gaye"", ""Tammi Terrell""]",129.991,151667,1967,R&B,84,"[""3koiLjNrgRTNbOwViDipeA"", ""75jNCko3SnEMI5gwGqrbb8""]"
5SkRLpaGtvYPhw02vZhQQ9,All Falls Down,The College Dropout,"[""Kanye West"", ""Syleena Johnson""]",91.03,223507,2004,Hip-Hop,84,"[""5K4W6rqBFWDnAN6FQUkS6x"", ""1lE6SEy8f84Zhjvp7r8yTD""]"
5Qv2Nby1xTr9pQyjkrc94J,All I Need,In Rainbows,"[""Radiohead""]",88.014,228747,2007,Rock,84,"[""4Z8W4fKeB5YxbusRsdQVPb""]"
0Ie5uiv54KgCr7P4sYDTHl,Baby It's Cold Outside (with Michael Bublé),Holiday Wishes,"[""Idina Menzel"", ""Michael Bubl\u00e9""]",113.401,166147,2014,Classical,84,"[""73Np75Wv2tju61Eo9Zw4IR"", ""1GxkXlMwML1oSg5eLPiAz3""]"
2gMXnyrvIjhVBUZwvLZDMP,Before You Go,Divinely Uninspired To A Hellish Extent (Extended Edition),"[""Lewis Capaldi""]",111.881,215107,2019,Pop,84,"[""4GNC7GD6oZMSxPGyXy4MNB""]"
0mEdbdeRFQwBhN4xfyIeUM,Can't Tell Me Nothing,Graduation,"[""Kanye West""]",80.029,271600,2007,Hip-Hop,84,"[""5K4W6rqBFWDnAN6FQUkS6x""]"
0otRX6Z89qKkHkQ9OqJpKt,Car's Outside,YOU,"[""James Arthur""]",149.907,248373,2019,Pop,84,"[""4IWBUUAFIplrNtaOHcJPRM""]"
2RsAajgo0g7bMCHxwH3Sk0,Come As You Are,Nevermind (Remastered),"[""Nirvana""]",120.125,218920,1991,Rock,84,"[""6olE6TJLqED3rqDCT0FyPh""]"
3pXF1nA74528Edde4of9CC,Don't,T R A P S O U L,"[""Bryson Tiller""]",96.991,198293,2015,Hip-Hop,84,"[""2EMAnMvWE2eb56ToJVfCWs""]"
5T8EDUDqKcs6OSOwEsfqG7,Don't Stop Me Now - Remastered 2011,Jazz (2011 Remaster),"[""Queen""]",156.295,209413,1978,Rock,84,"[""1dfeR4HaWDbWqFHLkxsg1d""]"
254bXAqt3zP6P50BdQvEsq,Everywhere - 2017 Remaster,Tango In the Night (Deluxe Edition),"[""Fleetwood Mac""]",114.965,226653,1987,Rock,84,"[""08GQAI4eElDnROBrJRGE0X""]"
2R4AlwtrrkMaRKojcTIzmL,For the First Time,This Old Dog,"[""Mac DeMarco""]",75.515,182307,2017,Pop,84,"[""3Sz7ZnJQBIHsXLUSo0OQtM""]"
3eekarcy7kvN4yt5ZFzltW,HIGHEST IN THE ROOM,HIGHEST IN THE ROOM,"[""Travis Scott""]",76.469,175721,2019,Hip-Hop,84,"[""0Y5tJX1MQlPlqiwlOH1tJY""]"
2wGSgTmgSF3xjRrHkTc25R,Hate It Or Love It,The Documentary,"[""The Game"", ""50 Cent""]",99.998,206400,2005,Hip-Hop,84,"[""0NbfKEOTQCcwd6o7wSDOHI"", ""3q7HBObVc0L8jNeTe5Gofh""]"
1ShRHPAiiIrh0arZbSFmx1,Heavy,CINEMA,"[""The Mar\u00edas""]",96.999,253213,2021,Pop,84,"[""2sSGPbdZJkaSE2AbcGOACx""]"
4aVuWgvD0X63hcOCnZtNFA,Hold the Line,Toto,"[""TOTO""]",96.556,235547,1978,Pop,84,"[""0PFtn5NtBbbUNbU9EAmIWF""]"
7KwZNVEaqikRSBSpyhXK2j,Hypnotize - 2014 Remaster,Life After Death (2014 Remastered Edition),"[""The Notorious B.I.G.""]",93.941,229827,1997,Hip-Hop,84,"[""5me0Irg2ANcsgc93uaYrpb""]"
15sxLiiChE5dCW3Y756oas,I Saw Mommy Kissing Santa Claus,Christmas Album,"[""The Jackson 5""]",128.897,181267,1970,Pop,84,"[""2iE18Oxc8YSumAU232n4rW""]"
3XVBdLihbNbxUwZosxcGuJ,If I Ain't Got You,The Diary Of Alicia Keys,"[""Alicia Keys""]",118.402,228707,2003,R&B,84,"[""3DiDSECUqqY1AuBP8qtaIa""]"
7iL6o9tox1zgHpKUfh9vuC,In Da Club,Get Rich Or Die Tryin',"[""50 Cent""]",90.051,193467,2003,Hip-Hop,84,"[""3q7HBObVc0L8jNeTe5Gofh""]"
76FZM38RC8XaAjJ77CVTNe,Into You,Dangerous Woman,"[""Ariana Grande""]",107.853,244453,2016,Pop,84,"[""66CXWjxzNUsdJxJ2JdwvnR""]"
6pVW5LRWgeLaHudxauOTJU,Jingle Bell Rock - Daryl's Version,Jingle Bell Rock,"[""Daryl Hall & John Oates""]",128.706,126360,1983,Pop,84,"[""77tT1kLj6mCWtFNqiOmP9H""]"
1VuAamHM7P3VQQEXYGG3Uu,Joy To The World,The Christmas Song (Expanded Edition),"[""Nat King Cole""]",102.213,84987,1962,Pop,84,"[""7v4imS0moSyGdXyLgVTIV7""]"
1dzQoRqT5ucxXVaAhTcT0J,Just Dance,The Fame,"[""Lady Gaga"", ""Colby O'Donis""]",118.99,241933,2008,Pop,84,"[""1HY2Jd0NmPuamShAr6KMms"", ""7fObcBw9VM3x7ntWKCYl0z""]"
6PGoSes0D9eUDeeAafB2As,LOVE. FEAT. ZACARI.,DAMN.,"[""Kendrick Lamar"", ""Zacari""]",126.058,213400,2017,Hip-Hop,84,"[""2YZyLoL8N0Wb9xBt1NhZWg"", ""3qBKjEOanahMxlRojwCzhI""]"
2X485T9Z5Ly0xyaghN73ed,Let It Happen,Currents,"[""Tame Impala""]",125.012,467587,2015,Rock,84,"[""5INjqkS1o8h1imAzPqGZBb""]"
5FVbvttjEvQ8r2BgUcJgNg,Life Goes On,BE,"[""BTS""]",81.068,207481,2020,Pop,84,"[""3Nrfpe0tUJi4K4DXYWgMUX""]"
1VNWaY3uNfoeWqb5U8x2QX,Lonely Day,Hypnotize,"[""System Of A Down""]",113.108,167907,2005,Rock,84,"[""5eAWCfyUhZtHHtBdNk56l1""]"
5J4ZkQpzMUFojo1CtAZYpn,Love Me Harder,My Everything (Deluxe),"[""Ariana Grande"", ""The Weeknd""]",99.128,236133,2014,Pop,84,"[""66CXWjxzNUsdJxJ2JdwvnR"", ""1Xyo4u8uXC1ZmMpatF05PJ""]"
285pBltuF7vW8TeWk8hdRR,Lucid Dreams,Goodbye & Good Riddance,"[""Juice WRLD""]",83.903,239836,2018,Hip-Hop,84,"[""4MCBfE4596Uoi2O4DtmEMz""]"
0JP9xo3adEtGSdUEISiszL,Moonlight,?,"[""XXXTENTACION""]",128.009,135090,2018,Hip-Hop,84,"[""15UsOTVnJzReFVN1VCnxy4""]"
0VO8gYVDSwM1Qdd2GsMoYK,Moth To A Flame (with The Weeknd),Paradise Again,"[""Swedish House Mafia"", ""The Weeknd""]",120.146,234000,2022,Electronic,84,"[""1h6Cn3P4NGzXbaXidqURXs"", ""1Xyo4u8uXC1ZmMpatF05PJ""]"
0I3q5fE6wg7LIfHGngUTnV,Ms. Jackson,Stankonia,"[""Outkast""]",94.948,270507,2000,Hip-Hop,84,"[""1G9G7WwrXka3Z1r7aIDjI7""]"
4NeOWqHmlrGRuBvsLJC9rL,My Love (feat. T.I.),FutureSex/LoveSounds Deluxe Edition,"[""Justin Timberlake"", ""T.I.""]",119.952,276160,2006,Hip-Hop,84,"[""31TPClRtHm23RisEBtV3X7"", ""4OBJLual30L7gRl5UkeRcT""]"
42T2QQv3xgBlpQxaSP7lnK,One Last Breath,Weathered,"[""Creed""]",126.602,238240,2001,Rock,84,"[""43sZBwHjahUvgbx1WNIkIz""]"
3K4HG9evC7dg3N0R9cYqk4,One Step Closer,Hybrid Theory (Bonus Edition),"[""Linkin Park""]",95.136,157333,2000,Rock,84,"[""6XyY86QOPPrYVGvF9ch6wz""]"
3IV4swNduIRunHREK80owz,Rollin' (Air Raid Vehicle),Chocolate Starfish And The Hot Dog Flavored Water,"[""Limp Bizkit""]",96.311,213760,2000,Rock,84,"[""165ZgPlLkK7bf5bDoFc6Sb""]"
3DK6m7It6Pw857FcQftMds,Runaway,My Beautiful Dark Twisted Fantasy,"[""Kanye West"", ""Pusha T""]",84.733,547733,2010,Hip-Hop,84,"[""5K4W6rqBFWDnAN6FQUkS6x"", ""0ONHkAv9pCAFxb0zJwDNTy""]"
2JzZzZUQj3Qff7wapcbKjc,See You Again (feat. Charlie Puth),See You Again (feat. Charlie Puth),"[""Wiz Khalifa"", ""Charlie Puth""]",80.025,229526,2015,Pop,84,"[""137W8MRPWKqSmrBGDBFSop"", ""6VuMaDnrHyPL1p4EHjYLi7""]"
39shmbIHICJ2Wxnk1fPSdz,Should I Stay or Should I Go - Remastered,Combat Rock (Remastered),"[""The Clash""]",113.375,188987,1982,Rock,84,"[""3RGLhK1IP9jnYFH4BRFJBS""]"
4ukUoXLuFzMixyZyabSGc4,Sleigh Ride,Ella Wishes You A Swinging Christmas (Expanded Edition),"[""Ella Fitzgerald""]",77.117,175987,1960,Jazz,84,"[""5V0MlUE1Bft0mbLlND7FJz""]"
4lH6nENd1y81jp7Yt9lTBX,Solo,HNDRXX,"[""Future""]",110.964,265996,2017,Hip-Hop,84,"[""1RyvyyTE3xzB2ZywiAwp0i""]"
3fjmSxt0PskST13CSdBUFx,Somewhere I Belong,Meteora (Bonus Edition),"[""Linkin Park""]",162.041,213933,2003,Rock,84,"[""6XyY86QOPPrYVGvF9ch6wz""]"
503OTo2dSqe7qk76rgsbep,Still D.R.E.,2001,"[""Dr. Dre"", ""Snoop Dogg""]",93.431,270587,1999,Hip-Hop,84,"[""6DPYiyq5kWVQS4RGwxzPC7"", ""7hJcb9fa4alzcOq3EaNPoG""]"
6REbwUNlppTfcnV4d4ZoZi,Swimming Pools (Drank),Swimming Pools (Drank),"[""Kendrick Lamar""]",74.044,247800,2012,Hip-Hop,84,"[""2YZyLoL8N0Wb9xBt1NhZWg""]"
0k2GOhqsrxDTAbFFSdNJjT,Temperature,The Trinity,"[""Sean Paul""]",125.04,218573,2005,Folk,84,"[""3Isy6kedDrgPYoTS1dazA9""]"
5humEOJehpAwMJEJmb0JJ2,The Christmas Song (Merry Christmas To You),The Nat King Cole Story,"[""Nat King Cole""]",66.862,190973,1961,Pop,84,"[""7v4imS0moSyGdXyLgVTIV7""]"
48RrDBpOSSl1aLVCalGl5C,The Monster,The Marshall Mathers LP2,"[""Eminem"", ""Rihanna""]",110.046,250189,2013,Hip-Hop,84,"[""7dGJo4pcD2V6oG8kP0tJRR"", ""5pKCCKE2ajJHZ9KAiaK11H""]"
38xhBO2AKrJnjdjVnhJES6,This Christmas,A Donny Hathaway Collection,"[""Donny Hathaway""]",93.047,231173,1990,Blues,84,"[""0HU0U9kdXEHZVxUNbuQe8S""]"
0TDLuuLlV54CkRRUOahJb4,Titanium (feat. Sia),Nothing but the Beat (Ultimate Edition),"[""David Guetta"", ""Sia""]",126.062,245040,2012,Electronic,84,"[""1Cs0zKBU1kc0i8ypK3B9ai"", ""5WUlDfRSoLAfcVSX1WnrxN""]"
59nOXPmaKlBfGMDeOVGrIK,WAIT FOR U (feat. Drake & Tems),I NEVER LIKED YOU,"[""Future"", ""Drake"", ""Tems""]",83.389,189893,2022,R&B,84,"[""1RyvyyTE3xzB2ZywiAwp0i"", ""3TVXtAsR1Inumwj472S9r4"", ""687cZJR45JO7jhk1LHIbgq""]"
2IuUMx3uxxJAHcH41aYtn0,Winter Wonderland - Remastered 2006,Bing Crosby - Christmas Classics,"[""Bing Crosby""]",126.596,144253,2006,Pop,84,"[""6ZjFtWeHP9XN7FeKSUe80S""]"
2hloaUoRonYssMuqLCBLTX,bloodline,"thank u, next","[""Ariana Grande""]",151.979,216893,2019,Pop,84,"[""66CXWjxzNUsdJxJ2JdwvnR""]"
41P6Tnd8KIHqON0QIydx6a,the perfect pair,Beatopia,"[""beabadoobee""]",146.053,177533,2022,Pop,84,"[""35l9BRT7MXmM8bv2WDQiyB""]"
3jVtllWS5CFFWLQng8sKsr,2 On (feat. ScHoolboy Q),Aquarius,"[""Tinashe"", ""ScHoolboy Q""]",101.013,227000,2014,Hip-Hop,83,"[""0NIIxcxNHmOoyBx03SfTCD"", ""5IcR3N7QB1j6KBL8eImZ8m""]"
51EC3I1nQXpec4gDk0mQyP,90210 (feat. Kacy Hill),Rodeo,"[""Travis Scott"", ""Kacy Hill""]",81.404,339067,2015,Pop,83,"[""0Y5tJX1MQlPlqiwlOH1tJY"", ""4dYQmk5ma04mZ1KJ9KkAQK""]"
5TxRUOsGeWeRl3xOML59Ai,ARE WE STILL FRIENDS?,IGOR,"[""Tyler, The Creator""]",187.308,265480,2019,Hip-Hop,83,"[""4V8LLVI7PbaPR0K2TGSxFF""]"
2p8IUWQDrpjuFltbdgLOag,After Hours,After Hours,"[""The Weeknd""]",108.959,361027,2020,Pop,83,"[""1Xyo4u8uXC1ZmMpatF05PJ""]"
1k1Bqnv2R0uJXQN4u6LKYt,Ain't No Sunshine,Just As I Am,"[""Bill Withers""]",78.169,125093,1971,R&B,83,"[""1ThoqLcyIYvZn7iWbj8fsj""]"
4VXIryQMWpIdGgYR4TrjT1,All Girls Are The Same,Goodbye & Good Riddance,"[""Juice WRLD""]",161.989,165820,2018,Hip-Hop,83,"[""4MCBfE4596Uoi2O4DtmEMz""]"
4bJygwUKrRgq1stlNXcgMg,All The Things She Said,200 KM/H In The Wrong Lane (10th Anniversary Edition),"[""t.A.T.u.""]",89.957,214440,2002,Pop,83,"[""2Q3eZMfDQgT8MhPowKFXYO""]"
2bL2gyO6kBdLkNSkxXNh6x,Animals,V,"[""Maroon 5""]",189.868,231013,2014,Pop,83,"[""04gDigrS5kc9YWfZHwBETP""]"
6LUGvXEAK8WxIBYK43uoTb,Back to the Old House - 2011 Remaster,Louder Than Bombs,"[""The Smiths""]",104.13,186627,1987,Pop,83,"[""3yY2gUcIsjMr8hjo51PoJ8""]"
6L89mwZXSOwYl76YXfX13s,Basket Case,Dookie,"[""Green Day""]",85.064,181533,1994,Rock,83,"[""7oPftvlwr6VrsViSDV7fJY""]"
3sNVsP50132BTNlImLx70i,Bound 2,Yeezus,"[""Kanye West""]",148.913,229147,2013,Hip-Hop,83,"[""5K4W6rqBFWDnAN6FQUkS6x""]"
5fEB6ZmVkg63GZg9qO86jh,Break from Toronto,PARTYNEXTDOOR,"[""PARTYNEXTDOOR""]",117.067,99213,2013,R&B,83,"[""2HPaUgqeutzr3jx5a9WyDV""]"
7H7NyZ3G075GqPx2evsfeb,Chamber Of Reflection,Salad Days,"[""Mac DeMarco""]",131.03,231724,2014,Pop,83,"[""3Sz7ZnJQBIHsXLUSo0OQtM""]"
51c94ac31swyDQj9B3Lzs3,Change (In the House of Flies),White Pony,"[""Deftones""]",141.581,299533,2000,Rock,83,"[""6Ghvu1VvMGScGpOUJBAHNH""]"
3bMfUUpzUzqWp9II00yRhE,Christmas Time Is Here,Charlie Brown Holiday Hits,"[""Vince Guaraldi Trio""]",75.265,163093,1998,Pop,83,"[""4ytkhMSAnrDP8XzRNlw9FS""]"
5O4erNlJ74PIF6kGol1ZrC,Could You Be Loved,Uprising,"[""Bob Marley & The Wailers""]",103.312,237000,1980,Folk,83,"[""2QsynagSdAqZj3U9HgDzjD""]"
3PfIrDoz19wz7qK7tYeu62,Don't Start Now,Future Nostalgia,"[""Dua Lipa""]",123.95,183290,2020,Pop,83,"[""6M2wZ9GZgrQXHCFfjv46we""]"
2V65y3PX4DkRhy1djlxd9p,Don't You Worry Child - Radio Edit,Don't You Worry Child,"[""Swedish House Mafia"", ""John Martin""]",129.042,212862,2012,Electronic,83,"[""1h6Cn3P4NGzXbaXidqURXs"", ""2auikkNYqigWStoHWK1Grq""]"
3Z3QhZAZpqwZa1phsbQ3JZ,Driving Home for Christmas,The Works,"[""Chris Rea""]",180.225,240213,2007,Pop,83,"[""5KEG7G8LDYlHgFDqZyEEs2""]"
2hKdd3qO7cWr2Jo0Bcs0MA,Drops of Jupiter (Tell Me),Drops Of Jupiter,"[""Train""]",79.064,259933,2001,Pop,83,"[""3FUY2gzHeIiaesXtOAdB7A""]"
61mWefnWQOLf90gepjOCb3,Duality,Vol. 3: The Subliminal Verses (Special Edition),"[""Slipknot""]",143.772,252613,2004,Rock,83,"[""05fG473iIaoy82BF1aGhL8""]"
46IZ0fSY2mpAiktS3KOqds,Easy On Me,30,"[""Adele""]",141.981,224695,2021,Pop,83,"[""4dpARuHxo51G3z768sgnrY""]"
3aw9iWUQ3VrPQltgwvN9Xu,Family Affair,No More Drama,"[""Mary J. Blige""]",92.887,265867,2001,R&B,83,"[""1XkoF8ryArs86LZvFOkbyr""]"
1gihuPhrLraKYrJMAEONyc,Feel So Close - Radio Edit,18 Months,"[""Calvin Harris""]",127.937,206413,2012,Electronic,83,"[""7CajNmpbOovFoOoasH2HaY""]"
4S1VYqwfkLit9mKVY3MXoo,Forever Young,Forever Young,"[""Alphaville""]",136.822,226706,1984,Electronic,83,"[""0xliTEbFfy5HQHvsTknTkX""]"
4BP3uh0hFLFRb5cjsgLqDh,Fortunate Son,Willy And The Poor Boys (Expanded Edition),"[""Creedence Clearwater Revival""]",132.77,140773,1969,Rock,83,"[""3IYUhFvPQItj6xySrBmZkd""]"
65irrLqfCMRiO3p87P4C0D,Frosty The Snowman,Ella Wishes You A Swinging Christmas (Expanded Edition),"[""Ella Fitzgerald""]",76.816,131733,1960,Jazz,83,"[""5V0MlUE1Bft0mbLlND7FJz""]"
7AQim7LbvFVZJE3O8TYgf2,Fuck Love,17,"[""XXXTENTACION"", ""Trippie Redd""]",131.036,146520,2017,Hip-Hop,83,"[""15UsOTVnJzReFVN1VCnxy4"", ""6Xgp2XMz1fhVYe7i6yNAax""]"
6dRVOzSxLqRdqUjc9mctGg,Girl You Loud,Fan of A Fan The Album (Expanded Edition),"[""Chris Brown"", ""Tyga""]",129.506,213400,2015,R&B,83,"[""7bXgB6jMjp9ATFy66eO08Z"", ""5LHRHt1k9lMyONurDHEdrp""]"
2AX5E86cn9n2dgioZEjirI,Golden Brown,La Folie,"[""The Stranglers""]",93.764,206760,1981,Rock,83,"[""0RUEHcBiENFEqxgicqS2ig""]"
6dGnYIeXmHdcikdzNNDMm2,Here Comes The Sun - Remastered 2009,Abbey Road (Remastered),"[""The Beatles""]",129.171,185733,1969,Rock,83,"[""3WrFJ7ztbogyGnTHbHJFl2""]"
2PpruBYCo4H7WOBJ7Q2EwM,Hey Ya!,Speakerboxxx/The Love Below,"[""Outkast""]",79.526,235213,2003,Hip-Hop,83,"[""1G9G7WwrXka3Z1r7aIDjI7""]"
4HlFJV71xXKIGcU3kRyttv,"Hey, Soul Sister","Save Me, San Francisco (Golden Gate Edition)","[""Train""]",97.012,216773,2010,Pop,83,"[""3FUY2gzHeIiaesXtOAdB7A""]"
0Z2J91b2iTGLVTZC4fKgxf,Hit 'Em Up - Single Version,Greatest Hits,"[""2Pac"", ""Outlawz""]",95.19,312627,1998,Hip-Hop,83,"[""1ZwdS5xdxEREPySFridCfh"", ""2jp3Fk52x0HbymU0lNYbSC""]"
0M955bMOoilikPXwKLYpoi,I Hate Everything About You,Three Days Grace,"[""Three Days Grace""]",89.342,231480,2003,Rock,83,"[""2xiIXseIJcq3nG7C8fHeBj""]"
5P8Xvy5tzhmfyfA6GplQ8h,I Want a Hippopotamus for Christmas (Hippo the Hero),I Want a Hippopotamus for Christmas (Hippo the Hero),"[""Gayla Peevey""]",113.881,155467,1953,Pop,83,"[""1suIIDedjFJRuu8k7b55hZ""]"
7rbECVPkY5UODxoOUVKZnA,I Wonder,Graduation,"[""Kanye West""]",191.385,243440,2007,Hip-Hop,83,"[""5K4W6rqBFWDnAN6FQUkS6x""]"
5yVIlYEHZxQVLyInCdldoS,Impossible,James Arthur (Deluxe),"[""James Arthur""]",169.533,209440,2013,Pop,83,"[""4IWBUUAFIplrNtaOHcJPRM""]"
0v1XpBHnsbkCn7iJ9Ucr1l,It's My Life,Crush,"[""Bon Jovi""]",119.994,224493,2000,Rock,83,"[""58lV9VcRSjABbAbfWS6skp""]"
1IcR6RlgvDczfvoWJSSY2A,It's the Most Wonderful Time of the Year,The Andy Williams Christmas Album,"[""Andy Williams""]",201.739,151000,1963,Pop,83,"[""4sj6D0zlMOl25nprDJBiU9""]"
7F25roCtYi55JouckaayPC,Judas,Born This Way (International Special Edition Version),"[""Lady Gaga""]",130.983,249067,2011,Pop,83,"[""1HY2Jd0NmPuamShAr6KMms""]"
4nva9EpKntUTs6CRSGBCn9,Just A Lil Bit,The Massacre,"[""50 Cent""]",96.946,237707,2005,Hip-Hop,83,"[""3q7HBObVc0L8jNeTe5Gofh""]"
1jJci4qxiYcOHhQR247rEU,Kids,Oracular Spectacular,"[""MGMT""]",122.961,302840,2007,Pop,83,"[""0SwO7SWeDHJijQ3XNS7xEE""]"
6HSXNV0b4M4cLJ7ljgVVeh,Knockin' On Heaven's Door,Pat Garrett & Billy The Kid (Soundtrack From The Motion Picture),"[""Bob Dylan""]",140.208,149880,1973,Folk,83,"[""74ASZWbe4lXaubB36ztrGX""]"
5W8YXBz9MTIDyrpYaCg2Ky,Last Resort,Infest,"[""Papa Roach""]",90.586,199907,2000,Rock,83,"[""4RddZ3iHvSpGV4dvATac9X""]"
51ODNNDZm21HU7wI7cccRr,Latch,Settle (Special Edition),"[""Disclosure"", ""Sam Smith""]",121.981,255632,2013,Electronic,83,"[""6nS5roXSAGhTGr34W6n7Et"", ""2wY79sveU1sp5g7SokKOiI""]"
0W4NhJhcqKCqEP2GIpDCDq,Love,The Way It Is,"[""Keyshia Cole""]",116.714,255333,2005,R&B,83,"[""1vfezMIyCr4XUdYRaKIKi3""]"
7aQjPecQdIuNd1sz3KCDhD,Lovefool,First Band On The Moon (Remastered),"[""The Cardigans""]",111.845,193953,1996,Pop,83,"[""1tqZaCwM57UFKjWoYwMLrw""]"
7EiZI6JVHllARrX9PUvAdX,Low Life (feat. The Weeknd),EVOL,"[""Future"", ""The Weeknd""]",143.961,313547,2016,Hip-Hop,83,"[""1RyvyyTE3xzB2ZywiAwp0i"", ""1Xyo4u8uXC1ZmMpatF05PJ""]"
4cktbXiXOapiLBMprHFErI,Memories,JORDI (Deluxe),"[""Maroon 5""]",91.05,189486,2021,Pop,83,"[""04gDigrS5kc9YWfZHwBETP""]"
2UREu1Y8CO4jXkbvqAtP7g,Monster,Awake,"[""Skillet""]",134.992,178013,2009,Rock,83,"[""49bzE5vRBRIota4qeHtQM8""]"
6jgkEbmQ2F2onEqsEhiliL,My Kind of Woman,2,"[""Mac DeMarco""]",91.771,190846,2012,Pop,83,"[""3Sz7ZnJQBIHsXLUSo0OQtM""]"
1158ckiB5S4cpsdYHDB9IF,My Own Summer (Shove It),Around the Fur,"[""Deftones""]",71.841,214760,1997,Rock,83,"[""6Ghvu1VvMGScGpOUJBAHNH""]"
52ojopYMUzeNcudsoz7O9D,"New Person, Same Old Mistakes",Currents,"[""Tame Impala""]",151.836,363240,2015,Rock,83,"[""5INjqkS1o8h1imAzPqGZBb""]"
1auxYwYrFRqZP7t3s7w4um,Ni**as In Paris,Watch The Throne,"[""JAY-Z"", ""Kanye West""]",140.022,219333,2011,Hip-Hop,83,"[""3nFkdlSjzX9mRTtwJOzDYB"", ""5K4W6rqBFWDnAN6FQUkS6x""]"
6naxalmIoLFWR0siv8dnQQ,Oops!...I Did It Again,Oops!... I Did It Again,"[""Britney Spears""]",95.053,211160,2000,Pop,83,"[""26dSoYclwsYLMAKD3tpOr4""]"
63T7DJ1AFDD6Bn8VzG6JE8,"Paint It, Black",Aftermath,"[""The Rolling Stones""]",158.691,202267,1966,Rock,83,"[""22bE4uQ6baNwSHPVcDxLCe""]"
1lOe9qE0vR9zwWQAOk6CoO,Ransom,We Love You Tecca,"[""Lil Tecca""]",179.974,131240,2019,Hip-Hop,83,"[""4Ga1P7PMIsmqEZqhYZQgDo""]"
2xLMifQCjDGFmkHkpNLD9h,SICKO MODE,ASTROWORLD,"[""Travis Scott""]",155.008,312820,2018,Hip-Hop,83,"[""0Y5tJX1MQlPlqiwlOH1tJY""]"
6syO6UTl8QiiWADJy3Uy2d,Santa Claus Is Coming To Town,Ultimate Christmas,"[""Frank Sinatra""]",141.671,134827,2017,Jazz,83,"[""1Mxqyy3pSjf8kZZL4QVxS0""]"
3di5hcvxxciiqwMH1jarhY,Set Fire to the Rain,21,"[""Adele""]",107.993,242974,2011,Pop,83,"[""4dpARuHxo51G3z768sgnrY""]"
44ONERBHALxftQNWq6dmyd,Side To Side,Dangerous Woman,"[""Ariana Grande"", ""Nicki Minaj""]",159.182,226160,2016,Pop,83,"[""66CXWjxzNUsdJxJ2JdwvnR"", ""0hCNtLu0JehylgoiP8L4Gh""]"
4nZi6XNe36Ut4Nij3IQ1yC,Silver Springs - 2004 Remaster,Rumours (Super Deluxe),"[""Fleetwood Mac""]",179.014,288787,1977,Rock,83,"[""08GQAI4eElDnROBrJRGE0X""]"
6PwjJ58I4t7Mae9xfZ9l9v,Somebody Told Me,Hot Fuss,"[""The Killers""]",138.081,197200,2004,Rock,83,"[""0C0XlULifJtAgn6ZNCW2eu""]"
5Nm9ERjJZ5oyfXZTECKmRt,Stay With Me,In The Lonely Hour,"[""Sam Smith""]",84.126,172724,2014,Pop,83,"[""2wY79sveU1sp5g7SokKOiI""]"
1yjY7rpaAQvKwpdUliHx0d,Still into You,Paramore,"[""Paramore""]",136.01,216013,2013,Pop,83,"[""74XFHRwlV6OrjEM0A2NCMF""]"
6YUTL4dYpB9xZO5qExPf05,Summer,Motion,"[""Calvin Harris""]",127.949,222533,2014,Electronic,83,"[""7CajNmpbOovFoOoasH2HaY""]"
0nbXyq5TXYPCO7pr3N8S4I,The Box,Please Excuse Me for Being Antisocial,"[""Roddy Ricch""]",116.971,196653,2019,Hip-Hop,83,"[""757aE44tKEUQEqRuT6GnEB""]"
4EchqUKQ3qAQuRNKmeIpnf,The Kids Aren't Alright,Americana,"[""The Offspring""]",99.607,180160,1998,Rock,83,"[""5LfGQac0EIXyAN8aUwmNAQ""]"
7JIuqL4ZqkpfGKQhYlrirs,The Only Exception,Brand New Eyes,"[""Paramore""]",137.715,267653,2009,Pop,83,"[""74XFHRwlV6OrjEM0A2NCMF""]"
1mXVgsBdtIVeCLJnSnmtdV,Too Good At Goodbyes,The Thrill Of It All (Special Edition),"[""Sam Smith""]",91.931,201000,2017,Pop,83,"[""2wY79sveU1sp5g7SokKOiI""]"
2fuCquhmrzHpu5xcA1ci9x,Under Pressure - Remastered 2011,Hot Space (2011 Remaster),"[""Queen"", ""David Bowie""]",113.805,248440,1982,Rock,83,"[""1dfeR4HaWDbWqFHLkxsg1d"", ""0oSGxfWSnnOXhD2fKuz2Gy""]"
5zA8vzDGqPl2AzZkEYQGKh,Uptown Girl,An Innocent Man,"[""Billy Joel""]",128.993,197707,1983,Rock,83,"[""6zFYqv1mOsgBRQbae3JJ9e""]"
2P4OICZRVAQcYAV2JReRfj,Waiting For Love,Stories,"[""Avicii""]",127.999,230613,2015,Electronic,83,"[""1vCWHaC5f2uS3yhpwWbIA6""]"
3ovjw5HZZv43SxTwApooCM,Wind Of Change,Crazy World,"[""Scorpions""]",151.505,312360,1990,Rock,83,"[""27T030eWyCQRmDyuvr1kxY""]"
6mFkJmJqdDVQ1REhVfGgd1,Wish You Were Here,Wish You Were Here,"[""Pink Floyd""]",122.861,334744,1975,Rock,83,"[""0k17h0D3J5VfsdmQ1iZtE9""]"
6ADSaE87h8Y3lccZlBJdXH,With Or Without You,The Joshua Tree (Super Deluxe),"[""U2""]",110.171,295516,1987,Rock,83,"[""51Blml2LZPmy7TTiAg47vQ""]"
5Y77SQxEr1eiofPeUTPHxM,You,Street Love,"[""Lloyd"", ""Lil Wayne""]",130.21,273133,2007,Hip-Hop,83,"[""1Xfmvd48oOhEWkscWyEbh9"", ""55Aa2cqylxrFIXC767Z865""]"
2SiXAy7TuUkycRVbbWDEpo,You Shook Me All Night Long,Back In Black,"[""AC/DC""]",127.361,210173,1980,Rock,83,"[""711MCceyCBcFnzjGY4Q7Un""]"
1TEL6MlSSVLSdhOSddidlJ,needy,"thank u, next","[""Ariana Grande""]",87.046,171573,2019,Pop,83,"[""66CXWjxzNUsdJxJ2JdwvnR""]"
4ByEFOBuLXpCqvO1kw8Wdm,(I Just) Died In Your Arms,Broadcast,"[""Cutting Crew""]",124.945,280400,1986,Pop,82,"[""3cniTumSiUysiPWXapGx1i""]"
1C7KSXR2GVxknex6I4ANco,9,Views,"[""Drake""]",100.009,255787,2016,Hip-Hop,82,"[""3TVXtAsR1Inumwj472S9r4""]"
54eZmuggBFJbV7k248bTTt,A Horse with No Name,America,"[""America"", ""George Martin""]",123.179,252240,1972,Rock,82,"[""35U9lQaRWSQISxQAB94Meo"", ""4Fgf6RvuWpiwDXSE7Vammx""]"
3jjujdWJ72nww5eGnfs2E7,Adore You,Fine Line,"[""Harry Styles""]",99.048,207133,2019,Pop,82,"[""6KImCVD70vtIoJWnq6nGn3""]"
2m1hi0nfMR9vdGC8UcrnwU,All The Small Things,Enema Of The State,"[""blink-182""]",148.726,167067,1999,Rock,82,"[""6FBDaR13swtiWwGhX1WQsP""]"
6nTiIhLmQ3FWhvrGafw2zj,American Idiot,American Idiot,"[""Green Day""]",186.113,176346,2004,Rock,82,"[""7oPftvlwr6VrsViSDV7fJY""]"
7qH9Z4dJEN0l9bidizW7fq,Anchor,Bathing Beach,"[""Novo Amor""]",117.053,257533,2017,Electronic,82,"[""0rZp7G3gIH6WkyeXbrZnGi""]"
4gMgiXfqyzZLMhsksGmbQV,"Another Brick in the Wall, Pt. 2",The Wall,"[""Pink Floyd""]",104.114,238747,1979,Rock,82,"[""0k17h0D3J5VfsdmQ1iZtE9""]"
1NCuYqMc8hKMb4cpNTcJbD,Another Day in Paradise - 2016 Remaster,...But Seriously (Deluxe Edition),"[""Phil Collins""]",101.967,322133,1989,Rock,82,"[""4lxfqrEsLX6N1N4OCSkILp""]"
5vdp5UmvTsnMEMESIF2Ym7,Another One Bites The Dust - Remastered 2011,The Game (2011 Remaster),"[""Queen""]",109.967,214653,1980,Rock,82,"[""1dfeR4HaWDbWqFHLkxsg1d""]"
36Hwcla06Q5BCr59CL0sBp,Ayo Technology,Curtis,"[""50 Cent"", ""Justin Timberlake"", ""Timbaland""]",140.144,247947,2007,Hip-Hop,82,"[""3q7HBObVc0L8jNeTe5Gofh"", ""31TPClRtHm23RisEBtV3X7"", ""5Y5TRrQiqgUO4S36tzjIRZ""]"
2cYqizR4lgvp4Qu6IQ3qGN,BUTTERFLY EFFECT,ASTROWORLD,"[""Travis Scott""]",140.958,190557,2018,Hip-Hop,82,"[""0Y5tJX1MQlPlqiwlOH1tJY""]"
4MrfQL4TYQXJBlZYpAHTuE,"Baby, It's Cold Outside",A Winter Romance,"[""Dean Martin""]",130.036,143733,1959,Jazz,82,"[""49e4v89VmlDcFCMyDv9wQ9""]"
3rmo8F54jFF8OgYsqTxm5d,Bad Habits,=,"[""Ed Sheeran""]",126.011,230747,2021,Pop,82,"[""6eUKZXaKkcviH0Ku9w2n3V""]"
1WN4uNclrDuczTO3bCr8s1,Be My Baby,Presenting the Fabulous Ronettes Featuring Veronica,"[""The Ronettes""]",129.639,160907,1964,Pop,82,"[""7CyeXFnOrfC1N6z4naIpgo""]"
2g8HN35AnVGIk7B8yMucww,Big Poppa - 2005 Remaster,Ready to Die (The Remaster),"[""The Notorious B.I.G.""]",84.492,252747,1994,Hip-Hop,82,"[""5me0Irg2ANcsgc93uaYrpb""]"
5Xak5fmy089t0FYmh3VJiY,Black,Ten,"[""Pearl Jam""]",77.15,342653,1991,Rock,82,"[""1w5Kfo2jwwIPruYS2UWh56""]"
2EoOZnxNgtmZaD8uUmz2nD,Black Hole Sun,Superunknown (Deluxe Edition),"[""Soundgarden""]",105.435,318587,1994,Rock,82,"[""5xUf6j4upBrXZPg6AI4MRK""]"
0UFDKFqW2oGspYeYqo9wjA,Bleed It Out,Minutes to Midnight,"[""Linkin Park""]",140.127,166373,2007,Rock,82,"[""6XyY86QOPPrYVGvF9ch6wz""]"
4u7EnebtmKWzUH433cf5Qv,Bohemian Rhapsody - Remastered 2011,A Night At The Opera (2011 Remaster),"[""Queen""]",71.105,354320,1975,Rock,82,"[""1dfeR4HaWDbWqFHLkxsg1d""]"
12KUFSHFgT0XCoiSlvdQi4,Break Free,My Everything (Deluxe),"[""Ariana Grande"", ""Zedd""]",129.956,214840,2014,Pop,82,"[""66CXWjxzNUsdJxJ2JdwvnR"", ""2qxJFvFYMEDqd7ui6kSAcq""]"